{
  "ie": {
    "6": 0,
    "7": 0.0007920927465565852,
    "8": 0.001653667312986555,
    "9": 0.00033351273539224645,
    "10": 0.0003752018273162772,
    "11": 0.14289631075160292,
    "5.5": 0
  },
  "edge": {
    "12": 0.000041689091924030806,
    "13": 0.0019454909564547707,
    "14": 0.043829131976131044,
    "15": 0.02262328055077405,
    "16": 0.06435406156672888,
    "17": 0.661856023385913,
    "18": 2.3937876582778483,
    "79": 0.00787923837364182,
    "80": 0.056933403204251394
  },
  "firefox": {
    "2": 0,
    "3": 0,
    "4": 0,
    "5": 0,
    "6": 0,
    "7": 0,
    "8": 0,
    "9": 0,
    "10": 0,
    "11": 0,
    "12": 0,
    "13": 0,
    "14": 0,
    "15": 0,
    "16": 0,
    "17": 0,
    "18": 0,
    "19": 0,
    "20": 0,
    "21": 0,
    "22": 0,
    "23": 0,
    "24": 0,
    "25": 0,
    "26": 0,
    "27": 0,
    "28": 0,
    "29": 0,
    "30": 0,
    "31": 0,
    "32": 0.00025013455154418484,
    "33": 0.002681998247112648,
    "34": 0,
    "35": 0,
    "36": 0,
    "37": 0,
    "38": 0.0008198854745059391,
    "39": 0.0005419581950124005,
    "40": 0.00016675636769612322,
    "41": 0,
    "42": 0,
    "43": 0.0007504036546325544,
    "44": 0.0003752018273162772,
    "45": 0.00016675636769612322,
    "46": 0.0008615745664299699,
    "47": 0.0002918236434682156,
    "48": 0.0022373145999229865,
    "49": 0.007309487450680068,
    "50": 0.0012367763937462472,
    "51": 0,
    "52": 0.02402681331221642,
    "53": 0.0011533982098981856,
    "54": 0.00016675636769612322,
    "55": 0.00025013455154418484,
    "56": 0.02034427685892703,
    "57": 0.0006670254707844929,
    "58": 0.0009449527502780314,
    "59": 0.0004585800111643388,
    "60": 0.009741351146248531,
    "61": 0.013840778518778225,
    "62": 0.006600772887971543,
    "63": 0.002112247324150894,
    "64": 0.010477858436906408,
    "65": 0.0213865041570278,
    "66": 0.042564562854435446,
    "67": 0.09410617683651219,
    "68": 0.5248934600514972,
    "69": 0.466014565890791,
    "70": 0.26379467733129225,
    "71": 0.4447809217374846,
    "72": 0.9282910098723939,
    "73": 0.3224790223963529,
    "74": 0.0048359346631875735,
    "75": 0.0007365072906578775,
    "3.5": 0,
    "3.6": 0
  },
  "chrome": {
    "4": 0,
    "5": 0,
    "6": 0,
    "7": 0,
    "8": 0,
    "9": 0,
    "10": 0,
    "11": 0.011436707551159116,
    "12": 0,
    "13": 0,
    "14": 0,
    "15": 0,
    "16": 0,
    "17": 0.0019454909564547707,
    "18": 0,
    "19": 0,
    "20": 0,
    "21": 0.00025013455154418484,
    "22": 0,
    "23": 0,
    "24": 0,
    "25": 0,
    "26": 0,
    "27": 0,
    "28": 0.00008337818384806161,
    "29": 0,
    "30": 0.0012367763937462472,
    "31": 0.002598620063264587,
    "32": 0.000041689091924030806,
    "33": 0,
    "34": 0,
    "35": 0.00020844545962015403,
    "36": 0.005655820137693513,
    "37": 0.001278465485670278,
    "38": 0.0024735527874924943,
    "39": 0.021511571432799893,
    "40": 0.05279228673979767,
    "41": 0.0004585800111643388,
    "42": 0.00226510732787234,
    "43": 0.0006670254707844929,
    "44": 0.00020844545962015403,
    "45": 0.01028330934126093,
    "46": 0.0002918236434682156,
    "47": 0.02292900055821694,
    "48": 0.11638204828791933,
    "49": 0.22535733457733584,
    "50": 0.013145960320044382,
    "51": 0.004307872832149849,
    "52": 0.00041689091924030806,
    "53": 0.05393178858572118,
    "54": 0.014118705798271763,
    "55": 0.664913223460342,
    "56": 0.04210598284327111,
    "57": 0.41975357021909143,
    "58": 0.983209440300317,
    "59": 0.018343200446573553,
    "60": 0.018732298637864506,
    "61": 0.44630952177469907,
    "62": 0.13493369419411302,
    "63": 5.703429080670755,
    "64": 0.0517500594416969,
    "65": 1.5191088206197583,
    "66": 0.13375250325626548,
    "67": 0.11950873018222163,
    "68": 0.2192985198843767,
    "69": 3.01442706611487,
    "70": 4.109488340047362,
    "71": 0.46181786397043856,
    "72": 0.411513026382108,
    "73": 0.7344645251536,
    "74": 1.2208928497231915,
    "75": 3.2911314655786366,
    "76": 3.8960262930323495,
    "77": 2.9883713836623507,
    "78": 2.6049984943289632,
    "79": 10.671198548886087,
    "80": 2.5007618681549117,
    "81": 0.040049320975018926,
    "82": 0.0031544746222516643,
    "83": 0
  },
  "safari": {
    "4": 0,
    "5": 0,
    "6": 0,
    "7": 0.0019454909564547707,
    "8": 0,
    "9": 0.0005002691030883697,
    "10": 0.00025013455154418484,
    "11": 0.035560795411198276,
    "12": 0.032239564421250484,
    "13": 1.1123344543530151,
    "3.1": 0,
    "3.2": 0,
    "5.1": 0,
    "6.1": 0,
    "7.1": 0,
    "9.1": 0.00330733462597311,
    "10.1": 0.011033712995893487,
    "11.1": 0.04152233555633468,
    "12.1": 0.18842079913264456,
    "TP": 0
  },
  "opera": {
    "9": 0,
    "11": 0,
    "12": 0,
    "15": 0,
    "16": 0,
    "17": 0,
    "18": 0,
    "19": 0,
    "20": 0,
    "21": 0,
    "22": 0,
    "23": 0,
    "24": 0,
    "25": 0,
    "26": 0,
    "27": 0,
    "28": 0,
    "29": 0,
    "30": 0,
    "31": 0,
    "32": 0,
    "33": 0,
    "34": 0,
    "35": 0,
    "36": 0,
    "37": 0,
    "38": 0,
    "39": 0,
    "40": 0,
    "41": 0,
    "42": 0,
    "43": 0,
    "44": 0,
    "45": 0,
    "46": 0.0040855310085550186,
    "47": 0,
    "48": 0.00008337818384806161,
    "49": 0.0017370454968346168,
    "50": 0,
    "51": 0,
    "52": 0,
    "53": 0.000625336378860462,
    "54": 0.0002918236434682156,
    "55": 0,
    "56": 0,
    "57": 0,
    "58": 0.00025013455154418484,
    "60": 0.0070176638072118516,
    "62": 0.05136096125040594,
    "63": 0.04145285373646129,
    "64": 0.018051376803105337,
    "65": 0.08386455658717529,
    "66": 0.06169985604756559,
    "9.5-9.6": 0,
    "10.0-10.1": 0,
    "10.5": 0,
    "10.6": 0,
    "11.1": 0,
    "11.5": 0,
    "11.6": 0,
    "12.1": 0.12234358843305573
  },
  "ios_saf": {
    "8": 0.00012506727577209242,
    "3.2": 0.00016675636769612322,
    "4.0-4.1": 0.5105385160656559,
    "4.2-4.3": 0.04840103572379976,
    "5.0-5.1": 0.035463520863375536,
    "6.0-6.1": 0.022748347826546143,
    "7.0-7.1": 0.0013201545775943088,
    "8.1-8.4": 0.002126143688125571,
    "9.0-9.2": 0.018885158641585954,
    "9.3": 0.020872338689964753,
    "10.0-10.2": 0.06531291068098159,
    "10.3": 0.10186034793438192,
    "11.0-11.2": 0.26033448270159765,
    "11.3-11.4": 0.41896147747253487,
    "12.0-12.1": 1.1564137208806904,
    "12.2-12.4": 5.242389413082899,
    "13.0-13.1": 1.5734713964886946,
    "13.2": 0.3941008823218378,
    "13.3": 3.5753399015887295
  },
  "op_mini": {
    "all": 0
  },
  "android": {
    "3": 0,
    "4": 0.00025013455154418484,
    "80": 6.6285795122848725,
    "2.1": 0,
    "2.2": 0,
    "2.3": 0,
    "4.1": 0,
    "4.2-4.3": 0,
    "4.4": 0.0007920927465565852,
    "4.4.3-4.4.4": 0
  },
  "bb": {
    "7": 0,
    "10": 0
  },
  "op_mob": {
    "10": 0.011533982098981856,
    "11": 0.011533982098981856,
    "12": 0.011533982098981856,
    "46": 0.011533982098981856,
    "11.1": 0.011533982098981856,
    "11.5": 0.011533982098981856,
    "12.1": 0.011533982098981856
  },
  "and_chr": {
    "80": 18.81086867977733
  },
  "and_ff": {
    "68": 0.22967910377346035
  },
  "ie_mob": {
    "10": 0,
    "11": 0
  },
  "and_uc": {
    "12.12": 2.5861828175072508
  },
  "samsung": {
    "4": 0,
    "5.0-5.4": 0,
    "6.2-6.4": 0,
    "7.2-7.4": 0,
    "8.2": 0,
    "9.2": 0,
    "10.1": 0
  },
  "and_qq": {
    "1.2": 0
  },
  "baidu": {
    "7.12": 0
  },
  "kaios": {
    "2.5": 0
  }
}